Product ID,Name,Price,Currency,Free,Store,Checked
9N86MQ94V8MP,"""Alchemist on Her Day Off"" Costume for Yumia",0.00,USD,yes,US,2026-09-28
9P3NNNWVK6C0,"""T-Shirt"" Costume for Yumia (Set of Three)",0.00,USD,yes,US,2026-09-28
BVTBVJRFNWV0,11-11 Memories Retold WarChild Charity DLC,0.00,USD,yes,US,2026-09-28
9NVZBRCJ0FHJ,4 YoRHa,0.00,USD,yes,US,2026-09-28
9P0TR0DV539X,A Special Briefing,0.00,USD,yes,US,2026-09-28
9N1WTD52MLBW,Accessory: Crystalline Ornament,0.00,USD,yes,US,2026-09-28
9NPF13F5MTGW,Accessory: Fang Talisman,0.00,USD,yes,US,2026-09-28
9PC26DZVF3SK,Accessory: Gold Circlet,0.00,USD,yes,US,2026-09-28
9PHXXDLH4F4M,Accessory: Protective Band,0.00,USD,yes,US,2026-09-28
9NG09Q6M2BGZ,Accessory: Royal Monocle,0.00,USD,yes,US,2026-09-28
BVDVDQ035GFF,Additional Gesture Bundle 1,0.00,USD,yes,US,2026-09-28
9NS136B2DLW3,"Additional Map ""Falbra Thicket""",0.00,USD,yes,US,2026-09-28
9NTWD5VVP9N1,AEW: Fight Forever - Elite Beats and Stampede Expansion,0.00,USD,yes,US,2026-09-28
9NGKB9N50P6P,AEW: Fight Forever - Freebie 4 da Fans,0.00,USD,yes,US,2026-09-28
BQKQD9KSLZL5,Africa Pack,0.00,USD,yes,US,2026-09-28
9NT3C9NBSDDK,Age of Wonders 4: Pre-Order Content Pack,0.00,USD,yes,US,2026-09-28
9P6W6MBBJGSX,Age of Wonders 4: Pre-Order Content Pack (PC),0.00,USD,yes,US,2026-09-28
BTS6DT1DJHFJ,All-Star Fruit Racing,0.00,USD,yes,US,2026-09-28
9P4W1HD36JB0,Alone in the Dark Prologue,0.00,USD,yes,US,2026-09-28
9PND55VQWRHL,Angry Video Game Nerd 8-bit Demo,0.00,USD,yes,US,2026-09-28
C5BLKJD7HDMX,Aqua Pack,0.00,USD,yes,US,2026-09-28
9NCMLJBDK2VP,ARK: Aberration Ascended,0.00,USD,yes,US,2026-09-28
9NNQXQHD415B,ARK: Extinction Ascended,0.00,USD,yes,US,2026-09-28
9P4ND7M5PKPC,ARK: Genesis Ascended Part 1,0.00,USD,yes,US,2026-09-28
9PMXGQM52HZK,ARK: Scorched Earth Ascended,0.00,USD,yes,US,2026-09-28
9PCHBW1J6TLW,ARK: The Center Ascended,0.00,USD,yes,US,2026-09-28
9P4WZPC5P3R9,ARK: Valguero Ascended,0.00,USD,yes,US,2026-09-28
C0481TX7K501,Asia-Pacific Pack,0.00,USD,yes,US,2026-09-28
C40HLV1PMKJC,Assassin's Creed® Odyssey - Japanese Audio Pack,0.00,USD,yes,US,2026-09-28
BSWRL0QPVT2D,Assassin's Creed® Origins - Brazilian Portuguese Audio Pack,0.00,USD,yes,US,2026-09-28
BPTDL72BZGRM,Assassin's Creed® Origins - German Audio Pack,0.00,USD,yes,US,2026-09-28
BWMCH2ZS2KNK,Assassin's Creed® Origins - Japanese Audio Pack,0.00,USD,yes,US,2026-09-28
C48VRZ5NL47R,Assassin's Creed® Origins - Russian Audio Pack,0.00,USD,yes,US,2026-09-28
9NXKGZWJ64QV,Atelier Series Legacy BGM Pack,0.00,USD,yes,US,2026-09-28
9P66Q0VF4STF,Atelier Yumia - Backpack Set,0.00,USD,yes,US,2026-09-28
9N4V9W4GLW2Z,Atelier Yumia - Limited Photo Poses and Frames,0.00,USD,yes,US,2026-09-28
9P6149721FGH,AWAKEN - Astral Blade Demo,0.00,USD,yes,US,2026-09-28
9PP2GNJB5T5R,Banner of the Maid - Miss Elisa's Journal,0.00,USD,yes,US,2026-09-28
C3P6N4KXBFK7,Batman - The Telltale Series - Episode 2: Children of Arkham - Disc,0.00,USD,yes,US,2026-09-28
9PN9QP9RVRDN,Battle Pass Pack,0.00,USD,yes,US,2026-09-28
BPZ8XJGLF5RX,Becky,0.00,USD,yes,US,2026-09-28
9PNKGNW8NR6L,Black Desert - Dark Prince Gift Pack,0.00,USD,yes,US,2026-09-28
9N19HXHDF3P7,Blades of Fire Adventurer Pack,0.00,USD,yes,US,2026-09-28
C2LV60VMH0QG,Blood Count,0.00,USD,yes,US,2026-09-28
BP42JP4TGLBK,Bloons TD 5: Odyssey Mode,0.00,USD,yes,US,2026-09-28
9PCTKZRCNLGV,Bonnie Bear Saves Frogtime Demo,0.00,USD,yes,US,2026-09-28
BR3G7J2L59D6,Breeze Skin,0.00,USD,yes,US,2026-09-28
9N21NSBGBL8N,Bulwark: Falconeer Chronicles Dreadnot Day One DLC,0.00,USD,yes,US,2026-09-28
9N05NZ9P16XT,Bus Simulator 21 Next Stop - Christmas Interior Pack,0.00,USD,yes,US,2026-09-28
9NPQ3R4TSWLS,Bus Simulator 21 Next Stop - Christmas Skin Pack,0.00,USD,yes,US,2026-09-28
9PGMX0FM799N,Bus Simulator 21 Next Stop - Easter Interior Pack,0.00,USD,yes,US,2026-09-28
9PDW05LPLF9W,Bus Simulator 21 Next Stop - Easter Skin Pack,0.00,USD,yes,US,2026-09-28
9NLLXM1NGHDR,Bus Simulator 21 Next Stop - Official Map Extension,0.00,USD,yes,US,2026-09-28
9NC3GKHSF1RW,Camp Enderwood,0.00,USD,yes,US,2026-09-28
9MT6BZPSLRBH,Cazzarion: Demon Hunting,0.00,USD,yes,US,2026-09-28
9N631LDTG5P8,Character & Palico Edit Voucher: Single Voucher (Free Gift Version 2),0.00,USD,yes,US,2026-09-28
9P8GQRD4MQWB,Chef Life - COOKING LAB,0.00,USD,yes,US,2026-09-28
9MZ0LQZKGM82,Cheshire Cat Skin,0.00,USD,yes,US,2026-09-28
BT7K09WJDLCV,Chess Ultra: Easter Island Chess Set,0.00,USD,yes,US,2026-09-28
9P285QTKGSGP,"Cities: Skylines - Carols, Candles and Candy",0.00,USD,yes,US,2026-09-28
C0GJQVDPW8DV,CivRev SP Map Pack: The Surreal,0.00,USD,yes,US,2026-09-28
9MWGC48ZGF76,Classic Survivor Armor Set,0.00,USD,yes,US,2026-09-28
9P69VNT0K3VZ,Classic Survivor Armor Set,0.00,USD,yes,US,2026-09-28
9N106VK31ZTS,Council Apocalypse,0.00,USD,yes,US,2026-09-28
9P48ZVWGSB42,Croc's World Construction Kit 2,0.00,USD,yes,US,2026-09-28
9PCPPMC33GQZ,Curious Expedition 2 - Highlands of Avalon,0.00,USD,yes,US,2026-09-28
BX004ZX3PVVD,D4: Dark Dreams Don't Die - Happy Wars Clothing Set,0.00,USD,yes,US,2026-09-28
BQZ8D9KVF836,Dark Corners Multiplayer Map Pack,0.00,USD,yes,US,2026-09-28
C04Z7CXDXHJP,Darkest Dungeon®: The Musketeer,0.00,USD,yes,US,2026-09-28
9N1NJJJ43450,Dele GT - Bonus Track,0.00,USD,yes,US,2026-09-28
9N0LD478VKSR,Delta Force: Black Hawk Down,0.00,USD,yes,US,2026-09-28
9P51D2F68BFZ,Demonic Designations: Summoner Titles,0.00,USD,yes,US,2026-09-28
9NBTKS4T2KNM,Detective Dotson Demo,0.00,USD,yes,US,2026-09-28
BZHQQ602LCS6,Deus Ex: Mankind Divided - Augmented Covert Agent Pack,0.00,USD,yes,US,2026-09-28
9NBRG2N5FQ3B,Disney Universe Daisy Duck & Absolem Costumes,0.00,USD,yes,US,2026-09-28
BRCQ9RCMP29Z,DOA5LR Costume Catalog LR50,0.00,USD,yes,US,2026-09-28
BQ7XLWNCK1NT,DOA5LR Costume Catalog LR51,0.00,USD,yes,US,2026-09-28
BRH363TM74QG,DOA5LR Costume Catalog LR52,0.00,USD,yes,US,2026-09-28
C07ML78TJNB2,DOA5LR Costume Catalog LR53,0.00,USD,yes,US,2026-09-28
9P3WKWCM8H09,Dragon Age™: The Veilguard Rook’s Weapons Appearance Offer,0.00,USD,yes,US,2026-09-28
9PNL5DDR4W0C,Dragon's Dogma 2 Character Creator & Storage,0.00,USD,yes,US,2026-09-28
9PGN6CSK1LTN,Drift Legends 2,0.00,USD,yes,US,2026-09-28
9MWLMHHJC5D5,DUCKSIDE: First Flight Starter Pack,0.00,USD,yes,US,2026-09-28
9NK9P3TBCKP6,ENDLESS™ Dungeon - Ichiban And Kiryu Skin Pack,0.00,USD,yes,US,2026-09-28
9NVZ4F6QPRQZ,ENDLESS™ Dungeon - Japan Pack,0.00,USD,yes,US,2026-09-28
9PPQK3RXG8ZX,Europa Universalis IV: Common Sense Content Pack,0.00,USD,yes,US,2026-09-28
BV9M8TJ0VQ48,Europe Pack,0.00,USD,yes,US,2026-09-28
9PCPCXR8ZWXG,F1® Manager 2024: Abstract Livery Pack,0.00,USD,yes,US,2026-09-28
9NBF9G1VB0QN,Falcon Genesis,0.00,USD,yes,US,2026-09-28
9N8NTNCM73L1,FATAL FRAME II: Crimson Butterfly REMAKE x SILENT HILL f Costume Set,0.00,USD,yes,US,2026-09-28
9NFTWDJKGSBF,FINAL FANTASY VII REMAKE INTERGRADE DEMO,0.00,USD,yes,US,2026-09-28
9NGN7D8GJN02,FINAL FANTASY XIV Online - Free Trial,0.00,USD,yes,US,2026-09-28
9NVTWZTKPTFF,First Cats Pack,0.00,USD,yes,US,2026-09-28
9NN0KFR9M7NT,Five Nights at Freddy's: Security Breach - Ruin,0.00,USD,yes,US,2026-09-28
9N5GGFZW03GP,Free Axiom Researcher Outfit,0.00,USD,yes,US,2026-09-28
9NV66XRFSNLB,Free Emotes,0.00,USD,yes,US,2026-09-28
9PG0M1KXLXX1,Free Iris Outfit,0.00,USD,yes,US,2026-09-28
9PCZF6SJBM77,Free Reclaimer Outfit,0.00,USD,yes,US,2026-09-28
9N6MP8T0D6B0,French Audio Pack (FREE),0.00,USD,yes,US,2026-09-28
9N4FFKWKMF6H,FS25: Emergency Pack (PC),0.00,USD,yes,US,2026-09-28
9PF95RFKGT1N,FS25: Pumps n' Hoses Pack (PC),0.00,USD,yes,US,2026-09-28
9NH5W87MSW91,FS25: Straw Harvest Pack,0.00,USD,yes,US,2026-09-28
9P7XZNBF2BT3,FS25: Straw Harvest Pack (PC),0.00,USD,yes,US,2026-09-28
9PG8MJNWJWFK,Funko Fusion - Back to the Future Outfits Pack,0.00,USD,yes,US,2026-09-28
9N7VPF9GM8PD,Funko Fusion - Birthday Celebration Pack,0.00,USD,yes,US,2026-09-28
9N5VXTL9WCNS,Funko Fusion - Frankenstein,0.00,USD,yes,US,2026-09-28
9N2CB2ZQXGLB,Funko Fusion - Hazel & Cha-Cha,0.00,USD,yes,US,2026-09-28
9PHW7S0M5MX9,Funko Fusion - Kim Pine,0.00,USD,yes,US,2026-09-28
9N3PSLQH019Z,Funko Fusion - Sun Wukong,0.00,USD,yes,US,2026-09-28
9PJS7PFCH75K,Funko Fusion - Team Fortress 2 Pack,0.00,USD,yes,US,2026-09-28
9NNRVBSRT1R4,Funko Fusion - Trap Jaw,0.00,USD,yes,US,2026-09-28
9P55NH8MS2BD,Funko Fusion - Wolfie Pack,0.00,USD,yes,US,2026-09-28
9NZGG645RSPG,Funko Fusion - Yuletide Pack,0.00,USD,yes,US,2026-09-28
9NB2D7QR695Z,Gas Station Simulator - Party Time DLC,0.00,USD,yes,US,2026-09-28
9P17CMDV6Z4Z,Gesture Set Vol. 1,0.00,USD,yes,US,2026-09-28
BR59155P9MFC,Ghost Recon® Wildlands - Fallen Ghosts,0.00,USD,yes,US,2026-09-28
9NWQG8742ZKF,GigaBash - MechaJURAS Free DLC,0.00,USD,yes,US,2026-09-28
9WZDNCRFJ1NC,Gimme Five,0.00,USD,yes,US,2026-09-28
9NPT9HBW8KC9,Godfall Gratitude Content,0.00,USD,yes,US,2026-09-28
BZT93QZ21B6X,Gold Scorpion,0.00,USD,yes,US,2026-09-28
9P2XP059QBQM,Golf With Your Friends - Headbangers Hat,0.00,USD,yes,US,2026-09-28
9N49PNFF2TG1,Golf With Your Friends - Teams Mascot Sticker Pack,0.00,USD,yes,US,2026-09-28
9PGC35MBHX17,Gori: Cuddly Carnage - Catbox Skin Pack,0.00,USD,yes,US,2026-09-28
9NDLJHBK2VN1,Gori: Cuddly Carnage - Day One Skin Pack,0.00,USD,yes,US,2026-09-28
C5CPVBVJK8DW,Gravel Free car Bowler Bulldog,0.00,USD,yes,US,2026-09-28
C47TVG56P5CB,Greaser Pack,0.00,USD,yes,US,2026-09-28
9MVD305B5NNF,Grenade Launcher Pack,0.00,USD,yes,US,2026-09-28
C132KP8NTHVC,Hairstyle: Field Team Leader,0.00,USD,yes,US,2026-09-28
BRX9QJ4XZXX0,Hairstyle: Provisions Manager,0.00,USD,yes,US,2026-09-28
9N31KZBBBFNL,Halls of Torment - Demo,0.00,USD,yes,US,2026-09-28
9NBLGGH69KP9,Heart Box,0.00,USD,yes,US,2026-09-28
9N1ZTNCRC6N7,Heavy Cargo – The Truck Simulator: Mission Pack,0.00,USD,yes,US,2026-09-28
9PFKDKQ17J2L,Hell Let Loose - Airborne M1942 Reinforced,0.00,USD,yes,US,2026-09-28
9MV51G79DF71,Hell Let Loose - Soviet and British 8th Army Armor Pack,0.00,USD,yes,US,2026-09-28
9PDDJ4S0JWZV,Hero Origin Pack,0.00,USD,yes,US,2026-09-28
BXB7PPB9F5S2,Horde Command Pack,0.00,USD,yes,US,2026-09-28
9PMSFFGHSQ7V,HOT WHEELS™ - 2-Tuff™ - Xbox Series X|S,0.00,USD,yes,US,2026-09-28
9N2LWKG83PMS,HOT WHEELS™ - Aston Martin DBS 2010 - Xbox Series X|S,0.00,USD,yes,US,2026-09-28
9NWB3HH8N2LF,HOT WHEELS™ - Bye Focal™ II - Xbox Series X|S,0.00,USD,yes,US,2026-09-28
9MTB9HDLZ3WF,HOT WHEELS™ - Chevy 1956 - Xbox Series X|S,0.00,USD,yes,US,2026-09-28
9P2JT9ZN1RF6,HOT WHEELS™ - Christmas Pack - Xbox Series X|S,0.00,USD,yes,US,2026-09-28
9NGNRQ455CGK,HOT WHEELS™ - Fun Pack - Xbox Series X|S,0.00,USD,yes,US,2026-09-28
9PMCBQH3G62H,HOT WHEELS™ - Mattel Dream Mobile™ - Xbox Series X|S,0.00,USD,yes,US,2026-09-28
9PGC27DQMZ8Q,HOT WHEELS™ - Thanksgiving Pack - Xbox Series X|S,0.00,USD,yes,US,2026-09-28
BSCSWPQ7XJK9,Hunter,0.00,USD,yes,US,2026-09-28
9PJ8FB5FLQ79,Hunter Help: Welcome Pack,0.00,USD,yes,US,2026-09-28
9MT7X9XB65N9,Instant War Builder Pack,0.00,USD,yes,US,2026-09-28
9PNLSVM67GNV,Italian Audio Pack (FREE),0.00,USD,yes,US,2026-09-28
9PHGW34JV4NG,Kao the Kangaroo - Summer Drip,0.00,USD,yes,US,2026-09-28
9P80V2KZVVND,Kao the Kangaroo: Top of the Class,0.00,USD,yes,US,2026-09-28
9NB0BP5PSHGJ,Kao the Kangaroo: VIP DLC,0.00,USD,yes,US,2026-09-28
BQKR1NJQXRH2,King's Knight Tee,0.00,USD,yes,US,2026-09-28
9P6NP9LHM796,LEGO® Sonic Skin,0.00,USD,yes,US,2026-09-28
9NRHMV4HM9QC,Light Mythical Wings,0.00,USD,yes,US,2026-09-28
9NG3VN0MB1GD,"Logiart Grimoire - Emil's Magic Training, Part 1",0.00,USD,yes,US,2026-09-28
9PJGR72MKZ6D,Mandragora: Whispers of the Witch Tree - Dark Ale Quest,0.00,USD,yes,US,2026-09-28
9NHRLPR6Z6BJ,Marathon Bundle - Emerald Impact,0.00,USD,yes,US,2026-09-28
9NB79X98BTC7,March of Empires,0.00,USD,yes,US,2026-09-28
9NVM7WDG3BSS,Mega Man Star Force Legacy Collection – Mega Man Battle Network Series BGM,0.00,USD,yes,US,2026-09-28
BSG165G20S0H,Memories of KING'S KNIGHT,0.00,USD,yes,US,2026-09-28
9NMXBWWLKWR4,METAL GEAR SOLID - Master Collection Version European Pack,0.00,USD,yes,US,2026-09-28
9NMCHR0K62RB,METAL GEAR SOLID - Master Collection Version North American Pack,0.00,USD,yes,US,2026-09-28
9NWDN2RDRLM3,Metal Gear Solid 2: Digital Graphic Novel,0.00,USD,yes,US,2026-09-28
9PNH6M3NQ7Q3,METAL GEAR SOLID 4: Guns of the Patriots - Master Collection Version Japanese Language Pack,0.00,USD,yes,US,2026-09-28
9MX5P9WCMVDP,METAL GEAR SOLID BANDE DESSINÉE,0.00,USD,yes,US,2026-09-28
9N7JPF7PFBLN,Metal Gear Solid: Digital Graphic Novel,0.00,USD,yes,US,2026-09-28
9MZ9VB57D3X9,MHW:I - Free Content Collection Pack,0.00,USD,yes,US,2026-09-28
9P9NF3932QDL,Microsoft Flight Simulator 2024 Addon Support,0.00,USD,yes,US,2026-09-28
C3DDTL1LZFKL,Minecraft Halloween Texture Pack,0.00,USD,yes,US,2026-09-28
9PCH7HTR7CXG,MLB® The Show™ 26 Launch Bundle,0.00,USD,yes,US,2026-09-28
9N5SVCW8K4C6,Modern Warfare® - High Resolution Pack 1,0.00,USD,yes,US,2026-09-28
9P8THWT31Z40,Modern Warfare® - High Resolution Pack 2,0.00,USD,yes,US,2026-09-28
9N3FGZTBRDD6,Modern Warfare® - High Resolution Pack 3,0.00,USD,yes,US,2026-09-28
9P83Q01618X2,Modern Warfare® - High Resolution Pack 4,0.00,USD,yes,US,2026-09-28
9NS3XV4Q02VT,Modern Warfare® - High Resolution Pack 5,0.00,USD,yes,US,2026-09-28
9N57R2R5BZNZ,Monocromatic Pack - Stitch,0.00,USD,yes,US,2026-09-28
9PNZSVH8VQH6,Monster Jam™ Showdown - Bad News Travels Fast,0.00,USD,yes,US,2026-09-28
9P7MM9JMVST0,Monster Jam™ Showdown - Mega Bite,0.00,USD,yes,US,2026-09-28
9N9GGDTBW5XG,Monster Jam™ Showdown - Spike Unleashed,0.00,USD,yes,US,2026-09-28
BXW07DMXM307,MotoGP™15 Moto2™ and Moto3™,0.00,USD,yes,US,2026-09-28
9PBQR15ZLVSQ,MudRunner - Old-timers DLC,0.00,USD,yes,US,2026-09-28
9N2C76ZDC1JZ,MudRunner - The Valley DLC,0.00,USD,yes,US,2026-09-28
9PB721L2FHK6,NASCAR Heat 5 - JJ Yeley Scheme,0.00,USD,yes,US,2026-09-28
9P3DRXR722C0,NBA 2K26 International Commentary Pack,0.00,USD,yes,US,2026-09-28
9P5G03M1MCC5,Necromunda: Hired Gun - Hellhound Pack,0.00,USD,yes,US,2026-09-28
9P6TC1DH9RJF,Necromunda: Hired Gun - Spire Noble Skin Pack,0.00,USD,yes,US,2026-09-28
9PDP8KJ3XVKM,Necromunda: Hired Gun - Spire Noble Skin Pack,0.00,USD,yes,US,2026-09-28
C1ZH048WZ70F,Neon Ninja & Chromatic Cumulus,0.00,USD,yes,US,2026-09-28
9P6MGQSCRKJ9,Neverwinter - Amethyst Red Pack,0.00,USD,yes,US,2026-09-28
9NBXNQBD3410,Neverwinter - Demonweb Defier’s Pack,0.00,USD,yes,US,2026-09-28
9PCRS8JK4BHW,Neverwinter - Gorged Guardian Pack,0.00,USD,yes,US,2026-09-28
9NGPPB4GSM84,Neverwinter - Moondancer’s Hero Pack,0.00,USD,yes,US,2026-09-28
9P5B116GPL4B,Neverwinter - Smoldering Seeker Pack,0.00,USD,yes,US,2026-09-28
BTQ823NHJRJH,Ninja Monkey,0.00,USD,yes,US,2026-09-28
9NZN4ZH4519X,No More Heroes 3 Purchase Bonus,0.00,USD,yes,US,2026-09-28
C3KRVWZNGLSH,Old West Map Pack,0.00,USD,yes,US,2026-09-28
9NP6V7M88B04,"ONE PIECE: PIRATE WARRIORS 4 Luffy Costume ""Luffytaro""",0.00,USD,yes,US,2026-09-28
9NK1Q6TSSBRT,"ONE PIECE: PIRATE WARRIORS 4 Nami Costume ""Onami""",0.00,USD,yes,US,2026-09-28
9N85JXQ0VZJ7,"ONE PIECE: PIRATE WARRIORS 4 Sanji Costume ""Soba Mask""",0.00,USD,yes,US,2026-09-28
9N9Z6KTJVK4N,"ONE PIECE: PIRATE WARRIORS 4 Zoro Costume ""Zorojuro""",0.00,USD,yes,US,2026-09-28
9P2G9R34DF2D,"ONE PIECE: PIRATE WARRIORS 4 Zoro Costume ""Zorojuro""",0.00,USD,yes,US,2026-09-28
9NS5KF28NMF2,Palico Edit Voucher: Single Voucher (Free Trial Version),0.00,USD,yes,US,2026-09-28
9NV6L8T4R0P0,Pathfinder: Wrath of the Righteous - Visitors from Morta,0.00,USD,yes,US,2026-09-28
9MZDF084KX9S,PAYDAY 3: First Responder Tailor Pack,0.00,USD,yes,US,2026-09-28
9NBKS85SS703,Pendant: Felyne Mint Chocolate,0.00,USD,yes,US,2026-09-28
9NTJTXSLTW10,Pendant: KFC Bucket Felyne,0.00,USD,yes,US,2026-09-28
9NZSGRL908B7,Pendant: MH Riders - Kirin,0.00,USD,yes,US,2026-09-28
9N68WMHGMPFM,Pendant: Rolling Poogie: Takoyaki,0.00,USD,yes,US,2026-09-28
9N17ZKXFLNJM,Photo Pose: Adventure Begins Pose 3 & 4,0.00,USD,yes,US,2026-09-28
9MV20DN9LLCX,Pinball FX - A Charlie Brown Christmas™ Pinball Trial,0.00,USD,yes,US,2026-09-28
9NL2FT71MNSK,Pinball FX - Bethesda® Pinball Trial,0.00,USD,yes,US,2026-09-28
9P49N7TBT4VD,Pinball FX - Camp Bloodbrook Trial,0.00,USD,yes,US,2026-09-28
9N01DNNZ86M1,Pinball FX - Charity Pack Trial,0.00,USD,yes,US,2026-09-28
9P27BTNB415L,Pinball FX - DreamWorks Pinball Trial,0.00,USD,yes,US,2026-09-28
9NPL48PG3CS2,Pinball FX - Game Night Pinball Volume 1 Trial,0.00,USD,yes,US,2026-09-28
9P90HRGK9Q7B,Pinball FX - Garfield Pinball Trial,0.00,USD,yes,US,2026-09-28
9P86T9QWJ9J1,Pinball FX - Indiana Jones™️: The Pinball Adventure Trial,0.00,USD,yes,US,2026-09-28
9MX58G7NKXLJ,Pinball FX - Jurassic World™️ Pinball Trial,0.00,USD,yes,US,2026-09-28
9P1JH82Q310K,Pinball FX - Marvel Pinball Collection 1 Trial,0.00,USD,yes,US,2026-09-28
9MW27KFN3JMV,Pinball FX - Marvel Pinball Collection 2 Trial,0.00,USD,yes,US,2026-09-28
9N7BKZJZG9T2,Pinball FX - MY LITTLE PONY Pinball Trial,0.00,USD,yes,US,2026-09-28
9P9T6S5XTK9Z,Pinball FX - Secrets & Shadows Pack Trial,0.00,USD,yes,US,2026-09-28
9N0RH0DQW40F,Pinball FX - Star Trek™ Pinball Trial,0.00,USD,yes,US,2026-09-28
9N0TD54M0NKN,Pinball FX - Star Wars™️ Pinball Collection 2 Trial,0.00,USD,yes,US,2026-09-28
9N7BBLX64TRG,Pinball FX - Swords of Fury™️ Trial,0.00,USD,yes,US,2026-09-28
9P1QQTHGCK91,Pinball FX - System Shock Pinball Trial,0.00,USD,yes,US,2026-09-28
9NBX20R1800V,Pinball FX - Tomb Raider Pinball Trial,0.00,USD,yes,US,2026-09-28
9PB7S82LFD3W,Pinball FX - Universal Classics™️ Pinball Trial,0.00,USD,yes,US,2026-09-28
9NQZ3F8NLWRS,Pinball FX - Williams Pinball Collection 2 Trial,0.00,USD,yes,US,2026-09-28
9N9XQRTN2MZG,Pinball FX - Williams Pinball: Twilight Zone Trial,0.00,USD,yes,US,2026-09-28
9MTK6N2PP8G3,Pinball FX - Williams™ Pinball Volume 10 Trial,0.00,USD,yes,US,2026-09-28
9N82P4GTS1N8,Pinball FX - Williams™ Pinball Volume 8 Trial,0.00,USD,yes,US,2026-09-28
9NMCMQSCHX4Z,Pinball FX - Williams™ Pinball Volume 9 Trial,0.00,USD,yes,US,2026-09-28
9N5RM8R9PLKS,Pinball FX - Williams™ Pinball: Scared Stiff Trial,0.00,USD,yes,US,2026-09-28
9NCRQ2JDJFPP,Pinball FX - Williams™ Pinball: Star Trek™: The Next Generation Trial,0.00,USD,yes,US,2026-09-28
9NM0Z035QCD0,Pinball FX - World War Z Pinball Trial,0.00,USD,yes,US,2026-09-28
9NM66FD3991T,Pinball FX - Wrath of the Elder Gods Trial,0.00,USD,yes,US,2026-09-28
9MTD31LS51R7,Pinball FX - Zen Originals Collection 1 Trial,0.00,USD,yes,US,2026-09-28
9NDL103HBQVT,Pinball FX Midnight - Bethesda® Pinball Trial,0.00,USD,yes,US,2026-09-28
9N6V1PFZZFK5,Pinball FX Midnight - Camp Bloodbrook Trial,0.00,USD,yes,US,2026-09-28
9P3X8834R2RC,Pinball FX Midnight - System Shock Pinball Trial,0.00,USD,yes,US,2026-09-28
9PMMTRMP1LSM,Pinball FX Midnight - Texas Chainsaw Massacre Pinball Trial,0.00,USD,yes,US,2026-09-28
9NJN6QR5K90F,Pirate Hat,0.00,USD,yes,US,2026-09-28
BV2H86SL0P5Q,Player's Pack: Red Edition,0.00,USD,yes,US,2026-09-28
9NMBW56HM16R,PMR: Aussie Rivals Pack,0.00,USD,yes,US,2026-09-28
9MV51MFDC6F1,PMR: Aussie Rivals Pack (PC),0.00,USD,yes,US,2026-09-28
9NXC5WSBLJXM,Polterguys: Possession Party Demo,0.00,USD,yes,US,2026-09-28
9P7L81STNT9D,Possessions Demo,0.00,USD,yes,US,2026-09-28
9PJ69KRCQ2D9,Potion Permit Poster (F),0.00,USD,yes,US,2026-09-28
9NV4KZZ024C1,Potion Permit Poster (M),0.00,USD,yes,US,2026-09-28
9MVMDH193L8C,Pre-Order DLC,0.00,USD,yes,US,2026-09-28
9N2XJLKGP5L9,Pumpkin Hat,0.00,USD,yes,US,2026-09-28
9PFCMTNSJSFD,Pumpkin Patch Costume,0.00,USD,yes,US,2026-09-28
C22G99ZLQ4ZC,Pure Farming 2018 - Goats,0.00,USD,yes,US,2026-09-28
9PHJ19W5N7B8,R-Type Final 2 PC: R-9Aix EXTRA ARROW R-Craft,0.00,USD,yes,US,2026-09-28
9N0N81CBQR19,R-Type Tactics I • II Cosmos - Unit Color Variation Fighter Pack,0.00,USD,yes,US,2026-09-28
BVXL6C2L7WQ2,Rackin Gravity,0.00,USD,yes,US,2026-09-28
9ND12RR2ZQHS,Radiant: Guardians Of Light Demo,0.00,USD,yes,US,2026-09-28
BQ64KBGZLS5J,Rain of Keys Starter Pack,0.00,USD,yes,US,2026-09-28
BVFPXJPM2TJW,Rare Outfit Pack,0.00,USD,yes,US,2026-09-28
9N01NLQCJGTB,Ratatan - Pre-order Bonus(Spirit Sword Banbansord),0.00,USD,yes,US,2026-09-28
C16FJXQPGWNT,Raven Strike DLC Pack Trial,0.00,USD,yes,US,2026-09-28
9NS4L76DC2PD,Ravenswatch - Romeo & Juliet,0.00,USD,yes,US,2026-09-28
9P5D1RL9DWX0,Red Happi Coat,0.00,USD,yes,US,2026-09-28
9NP1604HRT42,Reiko : Extra Character Data,0.00,USD,yes,US,2026-09-28
9P1J2NHG4MB7,Resident Evil 4 - The Mercenaries,0.00,USD,yes,US,2026-09-28
9NJFD873VV3J,Retro Diner Style Amy Costume,0.00,USD,yes,US,2026-09-28
9N9BPXB6DKNT,Rhythm Towers Demo,0.00,USD,yes,US,2026-09-28
9NHCQD36PH5N,RIDE 4 - Bonus Pack 01,0.00,USD,yes,US,2026-09-28
9NW623NZCVN0,RIDE 4 - Bonus Pack 02,0.00,USD,yes,US,2026-09-28
9MWBQPH3BJP9,RIDE 4 - Bonus Pack 03,0.00,USD,yes,US,2026-09-28
9NLP3BX3GVXT,RIDE 4 - Bonus Pack 04,0.00,USD,yes,US,2026-09-28
9MVT2RR6PJSK,RIDE 4 - Bonus Pack 05,0.00,USD,yes,US,2026-09-28
9N2KK9JNMXBP,RIDE 4 - Bonus Pack 06,0.00,USD,yes,US,2026-09-28
9NNJSL49LNMK,RIDE 4 - Bonus Pack 07,0.00,USD,yes,US,2026-09-28
9PCRB35JWXDZ,RIDE 4 - Bonus Pack 08,0.00,USD,yes,US,2026-09-28
9MSZWR9Z3TW6,RIDE 4 - Bonus Pack 09,0.00,USD,yes,US,2026-09-28
9P5F60C8F08R,RIDE 4 - Bonus Pack 10,0.00,USD,yes,US,2026-09-28
9P570X4ZXNND,RIDE 4 - Bonus Pack 11,0.00,USD,yes,US,2026-09-28
9N1KPJWQ91RP,RIDE 4 - Bonus Pack 12,0.00,USD,yes,US,2026-09-28
9NDTCLT5P6HG,RIDE 4 - Bonus Pack 13,0.00,USD,yes,US,2026-09-28
9NDJ4HMC3M2B,RIDE 4 - Bonus Pack 14,0.00,USD,yes,US,2026-09-28
9NJZV2TJ08PP,RIDE 5 - Free Pack 03,0.00,USD,yes,US,2026-09-28
9NZRDWBRHB11,RIDE 5 - Free Pack 04,0.00,USD,yes,US,2026-09-28
9PGMV8NGC8DK,RIDE 5 - Free Pack 05,0.00,USD,yes,US,2026-09-28
9PKTWWDQDK6T,RIDE 5 - Free Pack 06,0.00,USD,yes,US,2026-09-28
BQJPD3L5LR5G,Rocket League® - Xbox Customization Pack,0.00,USD,yes,US,2026-09-28
9MV4ZWMJ48XV,Rotting Christ Pack,0.00,USD,yes,US,2026-09-28
9NBK8019Q01L,Rune Factory: Guardians of Azuma - Sakuna DLC,0.00,USD,yes,US,2026-09-28
9NVSVX6FPNMF,Rune Factory: Guardians of Azuma - STORY OF SEASONS Bundle,0.00,USD,yes,US,2026-09-28
9PDPNBN5W207,Safety Difficulty,0.00,USD,yes,US,2026-09-28
9N6X49F6S472,Saints Row Boss Factory,0.00,USD,yes,US,2026-09-28
9ND76ZKLDWFL,SAND LAND - Decal and Special Main Weapon Pack,0.00,USD,yes,US,2026-09-28
BV2QP9W8S13C,Season Pass,0.00,USD,yes,US,2026-09-28
9MWF2GJVQS6L,Second Cats Pack,0.00,USD,yes,US,2026-09-28
C51XPXMRXCZL,Serah's Outfit: Style and Steel,0.00,USD,yes,US,2026-09-28
9PKCX2MG0QB8,Short Track Asphalt Pack,0.00,USD,yes,US,2026-09-28
BWD5JD416R22,Showcase Collection Pack 1,0.00,USD,yes,US,2026-09-28
C2NC88M7NWZ1,Slime Rancher,0.00,USD,yes,US,2026-09-28
9N9SLS5D7NBS,SMITE 2 Open Beta Pack,0.00,USD,yes,US,2026-09-28
9NP6FHRJKV09,Sniper Elite: Resistance - Commando Weapon and Skin Pack,0.00,USD,yes,US,2026-09-28
9PG3XKDFHRVW,SnowRunner - Anniversary DLC (Windows 10),0.00,USD,yes,US,2026-09-28
9N6MF2R7QQQ3,Sonic Frontiers: Holiday Cheer Suit,0.00,USD,yes,US,2026-09-28
9N9FC2MLWW2P,Sonic Frontiers: Monster Hunter Collaboration Pack,0.00,USD,yes,US,2026-09-28
9PGKM115VFDC,Sonic Holiday Costume,0.00,USD,yes,US,2026-09-28
9N4LL79ZV61V,SONIC X SHADOW GENERATIONS Sonic Adventure Skin,0.00,USD,yes,US,2026-09-28
9NCQC979DVP3,SONIC X SHADOW GENERATIONS Sonic Jam Skin,0.00,USD,yes,US,2026-09-28
9PKK2KBFQLNR,"SOUTH PARK: SNOW DAY! Bigger, Longer & Uncut Anniversary Pack",0.00,USD,yes,US,2026-09-28
9P0BFGHVG2Z8,SOUTH PARK: SNOW DAY! Choas Pack,0.00,USD,yes,US,2026-09-28
9P8Q0QTG042T,SOUTH PARK: SNOW DAY! Nonconformist Weapon Variation Pack,0.00,USD,yes,US,2026-09-28
9P2XHN6MKDC2,SOUTH PARK: SNOW DAY! To Danse with Ravenous Shadows,0.00,USD,yes,US,2026-09-28
9P9ZR7LNN1SD,Spanish Audio Pack (FREE),0.00,USD,yes,US,2026-09-28
9MX4GM8SJ1KN,"Special costume for Yumia in collaboration with Asbel from ""Tales of Graces f Remastered""",0.00,USD,yes,US,2026-09-28
9P591FXRBH78,Spider Backpack,0.00,USD,yes,US,2026-09-28
9PN1BTB40SZW,Squirrel with a Gun - Pride Month Update,0.00,USD,yes,US,2026-09-28
9NL5XW2C4MK1,Star Trek Online Incursion Verdant Pack,0.00,USD,yes,US,2026-09-28
9N5FQT6KKM8Z,Star Trek Online Unraveled Verdant Pack,0.00,USD,yes,US,2026-09-28
9P0ZBF708CTR,Star Trek Online Unveiled Verdant Pack,0.00,USD,yes,US,2026-09-28
BQKL6W847VM7,Starpoint Gemini 2: Origins,0.00,USD,yes,US,2026-09-28
9NDTDK5K3P9P,Starsand Island Chinese New Year Furniture & Outfit DLC,0.00,USD,yes,US,2026-09-28
9MSR58PJBDKN,Starsand Island Shining Star DLC,0.00,USD,yes,US,2026-09-28
9NDMJ6J7Z4JC,Starsand Island: Ribbit Holiday DLC,0.00,USD,yes,US,2026-09-28
9N0GM6MZSNGK,SteelSeries© FREE Cosmetic Pack,0.00,USD,yes,US,2026-09-28
9N0X1RFJP81F,StickType Color Variant DLC,0.00,USD,yes,US,2026-09-28
9N2CFFL1HH6F,Street Outlaws 2: Winner Takes All – The 80s & 90s Car Bundle,0.00,USD,yes,US,2026-09-28
9P25VHB3GF1W,SULFUR Demo,0.00,USD,yes,US,2026-09-28
9P4NTWZLGS7G,Tainted Grail: The Fall of Avalon - Bonus Content #1,0.00,USD,yes,US,2026-09-28
BVSGZSD33G4R,Tales of Vesperia™: Definitive Edition Adventurer Starter Pack,0.00,USD,yes,US,2026-09-28
C3TMM7XR4313,Tales of Vesperia™: Definitive Edition Costume Pack,0.00,USD,yes,US,2026-09-28
C4Q5V3X4QFSV,TEKKEN 7 - TAIKO NO TATSUJIN Pack,0.00,USD,yes,US,2026-09-28
BZZ8NJN8NF45,The Culling,0.00,USD,yes,US,2026-09-28
9NDSZ5M5JNBD,The Dark Pictures Anthology House of Ashes - Curator's Cut,0.00,USD,yes,US,2026-09-28
C4H4TPNRGTJD,The Dark Pictures Anthology: Man of Medan - Curator's Cut,0.00,USD,yes,US,2026-09-28
9N8W5QVQXNNM,The Dark Pictures Anthology: The Devil in Me - Curator's Cut,0.00,USD,yes,US,2026-09-28
BZD7GB9VRLHR,The Metronomicon - Deck the Dubstep,0.00,USD,yes,US,2026-09-28
BQSQJ74WX0RC,The STREET FIGHTER Ⅳ Power Up Pack,0.00,USD,yes,US,2026-09-28
BW7LDG7961KR,The Surge - Cutting Edge Pack,0.00,USD,yes,US,2026-09-28
9NZKGCWWV2BN,The Surge 2 - Future Shock Weapon Pack,0.00,USD,yes,US,2026-09-28
9MZ9ZVQXRJN5,The Surge 2 - JCPD Gear Pack,0.00,USD,yes,US,2026-09-28
9NTBZHS2KVMN,theHunter Call of the Wild™ - New England Scout Cosmetic Pack,0.00,USD,yes,US,2026-09-28
9NP16LB3GN23,Third Cats Pack,0.00,USD,yes,US,2026-09-28
9WZDNCRDBRWQ,Tile Rider,0.00,USD,yes,US,2026-09-28
C1T3L9FKJ4JH,Toby's Dream DLC,0.00,USD,yes,US,2026-09-28
C03Q0TKMCZFS,Tomb Raider: Underworld Wetsuit Costume Pack,0.00,USD,yes,US,2026-09-28
9N155Q32QCVS,Tormented Souls 2 Demo,0.00,USD,yes,US,2026-09-28
9PC4RH8KBBTJ,Truck Driver - Hidden Places & Damage System DLC,0.00,USD,yes,US,2026-09-28
9PLMK7QNT59D,Truck World: Australia - First Haul,0.00,USD,yes,US,2026-09-28
C2FHLV8LKJPT,UK Punk Pack,0.00,USD,yes,US,2026-09-28
BW8RLSF7S6XB,Valkyria Revolution Scenario Pack: Maxim and Remembrance,0.00,USD,yes,US,2026-09-28
BNMV3BFJB4XF,Valkyria Revolution Scenario Pack: The Circle of Five,0.00,USD,yes,US,2026-09-28
C0VFBK15GXP9,Valkyria Revolution Scenario Pack: The Princess and the Valkyria,0.00,USD,yes,US,2026-09-28
BQ9GL74J39GL,Valkyria Revolution Scenario Pack: Vanargand,0.00,USD,yes,US,2026-09-28
9MXK10M5FN2P,Vampire Survivors: Emerald Diorama,0.00,USD,yes,US,2026-09-28
9NKCVGJ43STS,Visions of Mana Demo,0.00,USD,yes,US,2026-09-28
9N546QKT4R4T,Volcano (Barrage),0.00,USD,yes,US,2026-09-28
9P49BRD9XD2V,War Thunder - Air Forces High-res Texture Pack,0.00,USD,yes,US,2026-09-28
9NPD210RX4G8,Warhammer: Chaosbane Skulls Slayer Pack,0.00,USD,yes,US,2026-09-28
C5B99TN227R0,WARRIORS OROCHI 3 Ultimate HALLOWEEN COSTUME,0.00,USD,yes,US,2026-09-28
9MX2QMD859TW,Way of the Hunter - Elkcrest Island,0.00,USD,yes,US,2026-09-28
9NQ637Z3NRVX,Way of the Hunter - Free UTV,0.00,USD,yes,US,2026-09-28
BWNB982CV7VV,WEB THREADS PRE-ORDER SUIT PACK,0.00,USD,yes,US,2026-09-28
9PH8CWJRPRSW,Who Wants to Be a Millionaire - Hitchcock DLC Pack,0.00,USD,yes,US,2026-09-28
9PB2TNR9CR2D,Who Wants To Be A Millionaire? - Tintin DLC Pack,0.00,USD,yes,US,2026-09-28
9NF32KBDTLNQ,World of Warships — Anniversary Cosmetic Pack,0.00,USD,yes,US,2026-09-28
C0K2LQ4TZM52,Yooka-Laylee Toybox Demo,0.00,USD,yes,US,2026-09-28
9NWZ0JMJRNN0,Yooka-Replaylee Demo,0.00,USD,yes,US,2026-09-28
C20VH7BD75NG,Yu-Gi-Oh! Legacy of the Duelist,0.00,USD,yes,US,2026-09-28
9NGDVZNJQ3S2,"Yuri Exclusive Costume: Ryza Outfit, Ryza Hat",0.00,USD,yes,US,2026-09-28
